{"cameraMode":{"drawMode":0,"name":"Shaded","section":"Shading Mode"},"sceneLighting":false,"audioPlay":false,"sceneViewState":{"m_AlwaysRefresh":false,"showFog":true,"showSkybox":false,"showFlares":true,"showImageEffects":true,"showParticleSystems":true,"showVisualEffectGraphs":true,"m_FxEnabled":true},"in2DMode":false,"pivot":{"x":-7.559708595275879,"y":0.5933036208152771,"z":4.442249298095703},"rotation":{"x":0.31714898347854617,"y":-0.18615253269672395,"z":0.05125328153371811,"w":0.9285509586334229},"size":1.1251379251480103,"orthographic":false}