{"cameraMode":{"drawMode":0,"name":"Shaded","section":"Shading Mode"},"sceneLighting":false,"audioPlay":false,"sceneViewState":{"m_AlwaysRefresh":false,"showFog":true,"showSkybox":false,"showFlares":true,"showImageEffects":true,"showParticleSystems":true,"showVisualEffectGraphs":true,"m_FxEnabled":true},"in2DMode":false,"pivot":{"x":-320.4852294921875,"y":25.430212020874025,"z":143.1074676513672},"rotation":{"x":0.021904118359088899,"y":0.5471901297569275,"z":0.028086405247449876,"w":-0.8362921476364136},"size":174.33026123046876,"orthographic":false}