{"cameraMode":{"drawMode":0,"name":"Shaded","section":"Shading Mode"},"sceneLighting":false,"audioPlay":false,"sceneViewState":{"m_AlwaysRefresh":false,"showFog":true,"showSkybox":false,"showFlares":true,"showImageEffects":true,"showParticleSystems":true,"showVisualEffectGraphs":true,"m_FxEnabled":true},"in2DMode":false,"pivot":{"x":-8.545696258544922,"y":0.22173786163330079,"z":5.2421722412109379},"rotation":{"x":0.5204265117645264,"y":-0.14102999866008759,"z":0.07384630292654038,"w":0.8389756679534912},"size":1.1850745677947999,"orthographic":false}