{"cameraMode":{"drawMode":0,"name":"Shaded","section":"Shading Mode"},"sceneLighting":true,"audioPlay":false,"sceneViewState":{"m_AlwaysRefresh":false,"showFog":true,"showSkybox":true,"showFlares":true,"showImageEffects":true,"showParticleSystems":true,"showVisualEffectGraphs":true,"m_FxEnabled":false},"in2DMode":false,"pivot":{"x":85.02821350097656,"y":1.0400333404541016,"z":73.12459564208985},"rotation":{"x":-0.12000317871570587,"y":0.21535319089889527,"z":-0.028845731168985368,"w":-0.9696654677391052},"size":52.779903411865237,"orthographic":false}