{"cameraMode":{"drawMode":0,"name":"Shaded","section":"Shading Mode"},"sceneLighting":false,"audioPlay":false,"sceneViewState":{"m_AlwaysRefresh":false,"showFog":true,"showSkybox":false,"showFlares":true,"showImageEffects":true,"showParticleSystems":true,"showVisualEffectGraphs":true,"m_FxEnabled":true},"in2DMode":false,"pivot":{"x":0.5568868517875671,"y":1.4626902341842652,"z":3.4428982734680177},"rotation":{"x":-0.01362801156938076,"y":0.718197762966156,"z":0.0020916718058288099,"w":-0.6957764029502869},"size":0.24850594997406007,"orthographic":false}