{"cameraMode":{"drawMode":0,"name":"Shaded","section":"Shading Mode"},"sceneLighting":false,"audioPlay":false,"sceneViewState":{"m_AlwaysRefresh":false,"showFog":true,"showSkybox":false,"showFlares":true,"showImageEffects":true,"showParticleSystems":true,"showVisualEffectGraphs":true,"m_FxEnabled":true},"in2DMode":false,"pivot":{"x":0.622066080570221,"y":1.260575294494629,"z":0.6059203147888184},"rotation":{"x":0.036858588457107547,"y":0.9198060631752014,"z":-0.08914051949977875,"w":0.3803520202636719},"size":1.0343976020812989,"orthographic":false}