{"cameraMode":{"drawMode":0,"name":"Shaded","section":"Shading Mode"},"sceneLighting":false,"audioPlay":false,"sceneViewState":{"m_AlwaysRefresh":false,"showFog":true,"showSkybox":false,"showFlares":true,"showImageEffects":true,"showParticleSystems":true,"showVisualEffectGraphs":true,"m_FxEnabled":true},"in2DMode":false,"pivot":{"x":1.4965282678604127,"y":1.2948989868164063,"z":3.89565110206604},"rotation":{"x":-0.0015046983025968075,"y":-0.9755908250808716,"z":0.21960553526878358,"w":-0.0067293355241417889},"size":1.0343976020812989,"orthographic":false}