{"cameraMode":{"drawMode":0,"name":"Shaded","section":"Shading Mode"},"sceneLighting":true,"audioPlay":false,"sceneViewState":{"m_AlwaysRefresh":false,"showFog":true,"showSkybox":true,"showFlares":true,"showImageEffects":true,"showParticleSystems":true,"showVisualEffectGraphs":true,"m_FxEnabled":true},"in2DMode":false,"pivot":{"x":-7.581396579742432,"y":1.0954406261444092,"z":8.974727630615235},"rotation":{"x":0.19802165031433106,"y":-0.6513761878013611,"z":0.16470953822135926,"w":0.7137218117713928},"size":1.0343976020812989,"orthographic":false}